timestamp,status,confidence,typing_speed,avg_hold_time,avg_flight_time,mouse_speed,total_clicks,alert
2026-07-26 23:37:35,Authenticated ✓,0.8983,0.0,0.0,0.0,1441.0985,3,False
2026-07-26 23:37:45,Authenticated ✓,0.91,2.5574,120.3913688659668,317.08575430370513,0.0,3,False
2026-07-27 20:44:45,Authenticated ✓,0.9,0.7959,228.5369634628296,1482.7527205149333,0.0,0,False
2026-07-27 20:44:55,Authenticated ✓,0.78,0.0,0.0,0.0,817.4096,0,False
2026-07-27 20:45:05,Authenticated ✓,0.81,0.0,0.0,0.0,167.3693,0,False
2026-07-27 20:45:15,Authenticated ✓,0.81,0.0,0.0,0.0,354.5736,0,False
2026-07-27 20:45:25,Authenticated ✓,0.92,16.1758,244.6960381099156,0.0,1003.9388,4,False
2026-07-27 20:45:45,Authenticated ✓,0.8433,0.0,0.0,0.0,0.0528,2,False
2026-07-27 20:45:55,Authenticated ✓,0.81,0.0,0.0,0.0,724.256,0,False
2026-07-27 20:46:06,Authenticated ✓,0.9033,0.0,0.0,0.0,537.9855,1,False
2026-07-27 20:46:16,Authenticated ✓,0.9033,0.0,0.0,0.0,614.5981,3,False
2026-07-27 20:46:26,Authenticated ✓,0.91,6.766,256.90468988920514,1556.0685396194458,509.6699,2,False
2026-07-27 20:46:36,Authenticated ✓,0.85,1.1329,323.80978266398114,2119.009494781494,0.0,0,False
2026-07-27 20:46:46,Authenticated ✓,0.82,2.2508,244.09401416778564,1641.106128692627,0.0,0,False
2026-07-27 20:46:56,Authenticated ✓,0.87,1.5568,347.5995714014227,1936.693012714386,0.0,0,False
2026-07-27 20:47:06,Authenticated ✓,0.75,2.3056,214.36218420664468,1592.7882194519043,598.3693,0,False
2026-07-27 20:47:16,Authenticated ✓,0.88,3.976,262.8147602081299,0.0,619.8976,2,False
2026-07-27 20:47:26,Authenticated ✓,0.81,0.0,0.0,0.0,1339.2225,0,False
2026-07-27 20:47:37,Authenticated ✓,0.79,5.3764,492.0119047164917,0.0,0.0,0,False
2026-07-27 20:47:47,Authenticated ✓,0.8233,0.669,373.41833114624023,2735.138416290283,272.096,2,False
2026-07-27 20:47:57,Authenticated ✓,0.9033,0.0,0.0,0.0,186.4663,2,False
2026-07-27 20:48:07,Authenticated ✓,0.86,0.4162,288.5524431864421,3374.985933303833,0.0,0,False
2026-07-27 20:48:17,Authenticated ✓,0.85,0.764,285.6099605560303,3386.798620223999,0.0,0,False
2026-07-27 20:48:27,Authenticated ✓,0.82,3.5559,371.9879657991471,1032.2455167770386,0.0,0,False
2026-07-27 20:48:37,Authenticated ✓,0.77,11.0824,546.1216313498361,0.0,1244.1466,0,False
2026-07-27 20:49:25,Low Confidence - Monitoring,0.81,0.0,0.0,0.0,536.1306,0,False
2026-07-27 20:49:35,Low Confidence - Monitoring,0.81,0.0,0.0,0.0,474.0855,0,True
2026-07-27 20:49:45,Authenticated ✓,0.9033,0.0,0.0,0.0,759.9925,2,False
2026-07-27 20:49:55,Authenticated ✓,0.92,1.1042,279.1997492313385,1105.303684870402,4431.4247,0,False
2026-07-27 20:50:05,Low Confidence - Monitoring,0.8933,0.0,0.0,0.0,1698.1434,4,False
2026-07-27 20:50:15,Authenticated ✓,0.9033,0.0,0.0,0.0,372.0453,2,False
2026-07-27 20:50:26,Low Confidence - Monitoring,0.87,1.9254,111.62801086902618,440.5844847361247,0.0,0,False
2026-07-27 20:50:36,Low Confidence - Monitoring,0.83,2.8404,113.15029462178548,262.08271299089705,0.0,0,True
2026-07-27 20:50:46,Low Confidence - Monitoring,0.88,1.3537,107.87013173103333,733.5583823067801,0.0,0,True
2026-07-27 20:50:56,Low Confidence - Monitoring,0.89,1.7554,117.46801435947418,492.33072598775226,0.0,0,True
2026-07-27 20:51:06,Low Confidence - Monitoring,0.83,2.6444,106.38605117797852,286.90454483032227,0.0,0,True
2026-07-27 20:51:16,Low Confidence - Monitoring,0.83,2.6528,111.12142692912708,326.6672362451968,0.0,0,True
2026-07-27 20:51:27,Low Confidence - Monitoring,0.83,3.1341,107.4535692891767,215.95404225011026,0.0,0,True
2026-07-27 20:51:37,Low Confidence - Monitoring,0.84,2.3356,132.636478969029,317.3136830329895,0.0,0,True
2026-07-27 20:51:57,Low Confidence - Monitoring,0.84,3.0359,132.13215933905707,319.3432331085205,0.0,0,True
2026-07-27 20:52:07,Low Confidence - Monitoring,0.83,2.4865,111.6650402545929,302.63808369636536,0.0,0,True
2026-07-27 20:52:17,Low Confidence - Monitoring,0.84,3.3422,115.37319216234931,194.14438872501768,0.0,0,True
2026-07-27 20:52:27,Low Confidence - Monitoring,0.84,2.0379,116.49316235592491,388.72101432398745,0.0,0,True
2026-07-27 20:53:47,Low Confidence - Monitoring,0.75,0.0,0.0,0.0,865.469,0,True
2026-07-27 20:53:57,Authenticated ✓,0.9,3.0029,103.17002296447754,243.15970420837402,505.3607,2,False
2026-07-27 20:54:07,Low Confidence - Monitoring,0.84,3.1465,115.74642998831612,273.01154817853654,0.0,0,False
2026-07-27 20:54:28,Low Confidence - Monitoring,0.79,1.4076,346.3769555091858,2088.569402694702,933.0948,0,True
2026-07-27 20:54:38,Authenticated ✓,0.9033,0.0,0.0,0.0,374.4643,8,False
2026-07-27 20:54:48,Authenticated ✓,0.9033,0.0,0.0,0.0,563.3705,6,False
2026-07-27 20:54:58,Authenticated ✓,0.93,4.9127,512.8802580711169,2011.9215488433838,1111.1963,2,False
2026-07-27 20:55:08,Authenticated ✓,0.96,1.3735,411.346435546875,2075.4504203796387,817.7935,6,False
2026-07-27 20:55:38,Low Confidence - Monitoring,0.8,1.5065,374.4184374809265,1855.3500175476074,651.2786,0,False
2026-07-28 15:11:28,Authenticated ✓,0.9033,0.0,0.0,0.0,656.9956,8,False
2026-07-28 15:11:58,Authenticated ✓,0.8333,0.0,0.0,0.0,996.1599,8,False
2026-07-28 15:12:08,Authenticated ✓,0.9,12.5711,0.0,0.0,298.8775,1,False
2026-07-28 18:41:30,Authenticated ✓,0.92,17.471,339.9791717529297,0.0,1223.8373,2,False
2026-07-28 18:41:41,Authenticated ✓,0.81,0.0,0.0,0.0,684.6594,0,False
2026-07-28 18:41:51,Authenticated ✓,0.81,0.0,0.0,0.0,920.9733,0,False
2026-07-28 18:42:01,Authenticated ✓,0.81,0.0,0.0,0.0,503.3692,0,False
2026-07-28 18:42:11,Authenticated ✓,0.8933,0.0,0.0,0.0,847.2444,4,False
2026-07-28 18:42:21,Low Confidence - Monitoring,0.78,0.0,0.0,0.0,1022.8627,0,False
2026-07-28 19:14:46,Authenticated ✓,0.9033,0.0,0.0,0.0,766.7553,2,False
2026-07-28 19:14:56,Authenticated ✓,0.89,8.5138,996.1761156717936,2953.7073373794556,260.8438,2,False
2026-07-28 19:15:06,Authenticated ✓,0.93,2.1054,423.3351945877075,1065.48011302948,1039.4292,2,False
2026-07-28 19:15:16,Authenticated ✓,0.9633,0.7072,264.01034990946454,2061.242699623108,532.4933,2,False
2026-07-28 19:15:27,Authenticated ✓,0.84,2.0601,295.7779884338379,3188.3352398872375,875.5052,0,False
2026-07-28 19:15:37,Authenticated ✓,0.9633,0.9012,406.86219930648804,2178.0410408973694,878.7681,4,False
2026-08-03 16:51:35,Authenticated ✓,0.8933,0.0,0.0,0.0,1428.4725,4,False
2026-08-03 16:51:45,Authenticated ✓,0.9033,0.0,0.0,0.0,548.7723,2,False
2026-08-03 16:54:11,Authenticated ✓,0.82,0.0,0.0,0.0,832.106,0,False
2026-08-03 16:54:36,Authenticated ✓,0.92,24.0485,610.5577395512507,0.0,871.2073,2,False
2026-08-03 16:54:46,Authenticated ✓,0.93,14.5527,460.32768090566,298.39611053466797,906.9859,4,False
2026-08-03 16:54:56,Authenticated ✓,0.95,1.9911,265.50906896591187,676.367998123169,1309.0582,6,False
2026-08-03 16:55:06,Low Confidence - Monitoring,0.78,0.0,0.0,0.0,2559.387,0,False
2026-08-03 16:55:16,Authenticated ✓,0.9033,0.0,0.0,0.0,1624.5828,4,False
2026-08-03 16:55:26,Authenticated ✓,0.94,2.4316,84.56532160441081,413.01612854003906,815.4492,2,False
2026-08-03 16:55:37,Authenticated ✓,0.9033,0.0,0.0,0.0,586.8965,2,False
2026-08-03 16:56:27,Low Confidence - Monitoring,0.75,0.0,0.0,0.0,2325.7023,0,False
2026-08-03 16:56:37,Authenticated ✓,0.9033,0.0,0.0,0.0,614.9553,4,False
2026-08-03 16:56:57,Authenticated ✓,0.8933,0.0,0.0,0.0,1349.0161,4,False
2026-08-03 16:57:07,Authenticated ✓,0.87,0.0,0.0,0.0,1543.3251,0,False
2026-08-03 16:57:17,Authenticated ✓,0.9033,0.0,0.0,0.0,1149.8642,2,False
2026-08-03 16:57:27,Authenticated ✓,0.81,0.0,0.0,0.0,717.4712,0,False
2026-08-03 16:57:37,Authenticated ✓,0.92,4.7111,104.93737459182739,175.95418294270834,892.5163,2,False
2026-08-03 16:57:47,Authenticated ✓,0.85,2.8479,102.70794955166903,265.32644317263646,0.0,0,False
2026-08-03 16:57:57,Authenticated ✓,0.86,2.9287,109.79132652282715,254.70226151602608,0.0,0,False
2026-08-03 16:58:07,Authenticated ✓,0.84,2.6925,120.79364061355591,360.72270075480145,0.0,0,False
2026-08-03 16:59:17,Low Confidence - Monitoring,0.75,0.0,0.0,0.0,852.9342,0,False
2026-08-03 16:59:27,Authenticated ✓,0.81,0.0,0.0,0.0,685.0371,0,False
2026-08-03 16:59:37,Authenticated ✓,0.81,0.0,0.0,0.0,773.7454,0,False
2026-08-03 16:59:47,Authenticated ✓,0.81,0.0,0.0,0.0,1359.6632,0,False
2026-08-03 17:00:07,Low Confidence - Monitoring,0.73,0.0,0.0,0.0,1290.1072,0,False
2026-08-03 17:08:47,Authenticated ✓,0.8333,0.5814,78.43148708343506,3353.8730144500732,1742.9404,2,False
2026-08-03 17:08:57,Authenticated ✓,0.8933,0.0,0.0,0.0,1195.0701,2,False
2026-08-03 17:09:08,Authenticated ✓,0.9033,0.0,0.0,0.0,385.3362,2,False
2026-08-03 17:09:18,Authenticated ✓,0.9033,0.0,0.0,0.0,430.9706,4,False
2026-08-03 17:09:28,Authenticated ✓,0.9033,0.0,0.0,0.0,1036.5332,2,False
2026-08-03 17:10:08,Low Confidence - Monitoring,0.75,0.0,0.0,0.0,906.4419,0,False
2026-08-03 17:11:58,Authenticated ✓,0.8333,0.0,0.0,0.0,1110.2104,2,False
2026-08-03 17:12:08,Low Confidence - Monitoring,0.78,0.0,0.0,0.0,1470.7847,0,False
2026-08-03 17:12:18,Authenticated ✓,0.9033,0.0,0.0,0.0,690.2116,2,False
2026-08-03 17:12:28,Authenticated ✓,0.8933,0.0,0.0,0.0,1161.7438,4,False
2026-08-03 17:12:38,Authenticated ✓,0.81,0.0,0.0,0.0,939.5023,0,False
2026-08-03 17:12:48,Authenticated ✓,0.93,3.6697,106.8907082080841,201.99217115129744,1469.2684,4,False
2026-08-03 17:12:58,Authenticated ✓,0.83,2.5526,112.31822059268043,296.9184160232544,0.0,0,False
2026-08-03 17:13:18,Low Confidence - Monitoring,0.76,0.0,0.0,0.0,742.4032,0,False
2026-08-03 17:13:28,Authenticated ✓,0.81,0.0,0.0,0.0,680.7569,0,False
2026-08-03 17:13:38,Authenticated ✓,0.9,3.6124,147.95418219132856,269.9720100923018,44.7425,2,False
2026-08-03 17:13:48,Authenticated ✓,0.85,3.3234,117.08659331003825,196.04557136009478,0.0,0,False
2026-08-03 17:13:58,Authenticated ✓,0.84,3.4143,114.42819663456508,204.9579178845441,0.0,0,False
2026-08-03 17:14:08,Authenticated ✓,0.89,1.6907,129.04831568400064,501.86166763305664,0.0,0,False
2026-08-03 17:14:18,Low Confidence - Monitoring,0.79,2.869,108.6055040359497,297.8793978691101,1020.8792,0,False
2026-08-03 17:14:28,Authenticated ✓,0.81,0.0,0.0,0.0,820.6546,0,False
2026-08-03 17:14:58,Low Confidence - Monitoring,0.76,0.0,0.0,0.0,797.294,0,False
2026-08-03 17:15:08,Authenticated ✓,0.81,0.0,0.0,0.0,331.1038,0,False
2026-08-03 17:15:18,Authenticated ✓,0.81,0.0,0.0,0.0,457.3621,0,False
2026-08-03 17:15:28,Authenticated ✓,0.81,0.0,0.0,0.0,859.1139,0,False
2026-08-03 17:15:39,Authenticated ✓,0.8933,0.0,0.0,0.0,1128.6575,1,False
2026-08-03 17:15:49,Authenticated ✓,0.8833,0.0,0.0,0.0,1346.5205,3,False
2026-08-03 17:15:59,Authenticated ✓,0.89,9.7028,390.91312885284424,0.0,771.1175,8,False
2026-08-03 17:16:09,Authenticated ✓,0.9033,0.0,0.0,0.0,691.1492,1,False
2026-08-03 17:16:19,Authenticated ✓,0.9633,0.8521,523.6523946126302,2522.958219051361,770.1352,5,False
2026-08-03 17:16:29,Authenticated ✓,0.96,1.6887,296.8965371449788,1455.1880359649658,971.2737,3,False
2026-08-03 17:16:39,Authenticated ✓,0.91,3.5991,380.855917930603,299.92640018463135,652.4792,7,False
2026-08-03 17:16:49,Authenticated ✓,0.96,1.4357,330.90271949768066,1199.9255021413167,1010.1192,2,False
2026-08-03 17:16:59,Authenticated ✓,0.9033,0.0,0.0,0.0,752.9499,1,False
2026-08-03 17:17:09,Authenticated ✓,0.9533,1.0787,447.1600651741028,2765.7692432403564,736.0749,8,False
2026-08-03 17:17:19,Authenticated ✓,0.92,2.0165,351.9414961338043,1213.597297668457,1289.9918,1,False
2026-08-03 17:17:29,Authenticated ✓,0.8933,0.0,0.0,0.0,1280.4891,2,False
2026-08-03 17:17:39,Authenticated ✓,0.96,1.44,372.0499873161316,3301.848888397217,1180.5691,10,False
2026-08-03 17:17:49,Authenticated ✓,0.94,9.5675,289.0889644622803,616.8278455734253,1247.4613,2,False
2026-08-03 17:17:59,Authenticated ✓,0.89,9.8274,333.59217643737793,0.0,1369.5602,4,False
2026-08-03 17:18:09,Authenticated ✓,0.96,1.7382,495.6422448158264,1270.2103853225708,1352.0707,4,False
2026-08-03 17:18:19,Authenticated ✓,0.9533,0.8455,314.77224826812744,3125.043034553528,1106.9395,8,False
2026-08-03 17:18:29,Authenticated ✓,0.9333,0.0,0.0,0.0,1304.5727,4,False
2026-08-03 17:18:39,Authenticated ✓,0.8933,0.0,0.0,0.0,1243.1892,2,False
2026-08-03 17:18:49,Authenticated ✓,0.84,3.3621,116.05904020112136,191.01039294538828,0.0,0,False
2026-08-03 17:18:59,Authenticated ✓,0.8,14.7608,370.1258897781372,0.0,1748.1038,0,False
2026-08-03 17:19:09,Authenticated ✓,0.81,0.0,0.0,0.0,731.2709,0,False
2026-08-03 17:19:19,Authenticated ✓,0.9033,0.0,0.0,0.0,416.5184,1,False
2026-08-03 17:19:29,Authenticated ✓,0.9733,1.3032,186.90077463785806,1258.7017362768,844.8228,5,False
2026-08-03 17:19:39,Authenticated ✓,0.84,3.0288,108.99314880371094,296.53894901275635,815.6742,0,False
2026-08-03 17:19:50,Authenticated ✓,0.92,7.8836,74.90650812784831,115.92733860015869,727.808,2,False
2026-08-03 17:20:00,Authenticated ✓,0.87,2.1474,127.21531207744891,376.7433961232503,0.0,0,False
2026-08-03 17:20:10,Authenticated ✓,0.89,1.5266,114.15948867797852,606.3908576965332,0.0,0,False
2026-08-03 17:20:20,Authenticated ✓,0.83,3.0376,108.87639224529266,491.8855130672455,0.0,0,False
2026-08-03 17:20:30,Authenticated ✓,0.83,3.383,99.86511298588344,218.69846490713266,0.0,0,False
2026-08-03 17:20:40,Authenticated ✓,0.86,2.5377,101.76265239715576,323.56909188357264,0.0,0,False
2026-08-03 17:20:50,Authenticated ✓,0.83,2.3359,97.7762672636244,355.7409258449779,0.0,0,False
2026-08-03 17:21:00,Authenticated ✓,0.83,3.0736,93.1006908416748,245.2810009320577,0.0,0,False
2026-08-03 17:21:10,Authenticated ✓,0.86,2.8842,104.8934777577718,273.4534570149013,0.0,0,False
2026-08-03 17:21:20,Authenticated ✓,0.83,2.433,103.86544466018677,325.12487535891324,0.0,0,False
2026-08-03 17:21:30,Authenticated ✓,0.81,0.6849,204.03003692626953,2597.6402759552,0.0,0,False
2026-08-03 17:21:50,Authenticated ✓,0.8733,1.2244,535.2343320846558,2181.294322013855,1427.7766,2,False
2026-08-03 17:22:00,Authenticated ✓,0.9033,0.0,0.0,0.0,1354.2038,4,False
2026-08-03 17:22:10,Authenticated ✓,0.89,9.5043,357.0060729980469,0.0,1176.5465,2,False
2026-08-03 17:22:40,Authenticated ✓,0.81,0.0,0.0,0.0,634.4351,0,False
2026-08-03 17:22:50,Authenticated ✓,0.81,0.0,0.0,0.0,651.2131,0,False
2026-08-03 17:23:00,Authenticated ✓,0.81,0.0,0.0,0.0,643.4262,0,False
2026-08-03 17:23:10,Authenticated ✓,0.9,4.5656,513.0224227905273,0.0,1358.8083,4,False
2026-08-03 17:23:20,Authenticated ✓,0.96,1.3888,324.2368221282959,1321.3047981262207,997.4284,8,False
2026-08-03 17:23:30,Authenticated ✓,0.92,4.9586,304.5334815979004,1166.3712978363037,1324.4138,4,False
2026-08-03 17:23:40,Authenticated ✓,0.93,2.7378,378.79258394241333,507.91247685750324,1131.1159,4,False
2026-08-03 17:23:50,Authenticated ✓,0.9433,1.3081,333.6029648780823,2360.2174520492554,1647.6669,2,False
2026-08-03 17:24:00,Authenticated ✓,0.8,11.6484,367.4182891845703,0.0,1062.9992,0,False
2026-08-03 17:24:10,Authenticated ✓,0.8933,0.0,0.0,0.0,1602.5753,2,False
2026-08-03 17:24:20,Authenticated ✓,0.9033,0.0,0.0,0.0,701.4701,4,False
2026-08-03 17:24:31,Authenticated ✓,0.93,5.7252,883.8500785827637,1000.8233123355442,1452.12,2,False
2026-08-03 17:24:41,Authenticated ✓,0.8983,0.0,0.0,0.0,1594.5493,4,False
2026-08-03 17:24:51,Authenticated ✓,0.945,2.7655,332.8453540802002,470.358928044637,1772.7609,2,False
2026-08-03 17:25:01,Authenticated ✓,0.8933,0.0,0.0,0.0,1659.0205,4,False
2026-08-03 17:25:11,Authenticated ✓,0.8833,0.0,0.0,0.0,3054.8686,1,False
2026-08-03 17:25:21,Authenticated ✓,0.9533,1.0665,431.870698928833,2048.5711097717285,1128.8806,5,False
2026-08-03 17:25:31,Authenticated ✓,0.9533,0.9416,553.3957481384277,1938.4903113047283,1458.0953,4,False
2026-08-03 17:25:41,Authenticated ✓,0.81,0.0,0.0,0.0,948.0263,0,False
2026-08-03 17:25:51,Authenticated ✓,0.8983,0.0,0.0,0.0,1193.9091,2,False
2026-08-03 17:26:01,Authenticated ✓,0.92,9.6967,467.93079376220703,0.0,767.2364,2,False
2026-08-03 17:26:11,Authenticated ✓,0.89,6.2587,434.64910984039307,0.0,781.9867,4,False
2026-08-03 17:26:21,Authenticated ✓,0.88,5.2953,579.1608095169067,0.0,676.7163,6,False
2026-08-03 17:26:31,Authenticated ✓,0.89,6.2178,408.8314880024303,652.565598487854,454.7745,2,False
2026-08-03 17:26:41,Authenticated ✓,0.99,1.94,703.1914949417114,2228.6407152811685,842.3923,4,False
2026-08-03 17:26:51,Authenticated ✓,0.96,1.5407,418.3292124006483,1393.5856024424236,814.2369,4,False
2026-08-03 17:27:01,Low Confidence - Monitoring,0.78,0.0,0.0,0.0,1417.7217,0,False
2026-08-03 17:27:11,Authenticated ✓,0.84,2.1266,505.3373336791992,818.8203970591227,1350.904,0,False
2026-08-03 17:27:21,Authenticated ✓,0.8933,0.0,0.0,0.0,961.9516,4,False
2026-08-03 17:32:18,Authenticated ✓,0.89,17.862,1347.669922678094,568.0548350016276,516.7035,2,False
2026-08-03 17:32:28,Authenticated ✓,0.91,5.2123,391.74675941467285,979.7101020812988,709.9099,6,False
2026-08-03 17:32:38,Authenticated ✓,0.91,4.6332,120.9607720375061,133.6040496826172,353.5854,2,False
2026-08-03 17:34:39,Low Confidence - Monitoring,0.75,0.0,0.0,0.0,450.555,0,False
2026-08-03 17:34:49,Authenticated ✓,0.91,3.3834,184.13696505806664,618.3734238147736,332.7372,2,False
2026-08-03 17:34:59,Authenticated ✓,0.94,19.0616,330.3133249282837,0.0,885.4235,4,False
2026-08-03 17:35:09,Authenticated ✓,0.81,0.0,0.0,0.0,956.6127,0,False
2026-08-03 18:08:48,Authenticated ✓,0.81,0.0,0.0,0.0,40.0038,0,False
2026-08-03 18:09:08,Low Confidence - Monitoring,0.7933,0.0,0.0,0.0,3320.8718,2,False
2026-08-03 18:09:28,Authenticated ✓,0.92,4.1708,124.09549951553345,899.0137279033661,704.6424,2,False
2026-08-03 18:09:38,Authenticated ✓,0.9333,1.3059,87.80417442321777,765.5347453223335,368.4407,4,False
2026-08-03 18:09:49,Authenticated ✓,0.9033,0.0,0.0,0.0,461.61,4,False
2026-08-03 18:09:59,Authenticated ✓,0.9033,0.0,0.0,0.0,724.3672,6,False
2026-08-03 18:10:09,Authenticated ✓,0.91,5.1124,150.96250176429749,75.83413805280414,423.1532,4,False
2026-08-03 18:10:19,Authenticated ✓,0.92,4.0465,91.17873509724934,201.2044906616211,793.5356,4,False
2026-08-03 18:10:29,Authenticated ✓,0.8933,0.0,0.0,0.0,1147.5126,2,False
2026-08-03 18:10:39,Authenticated ✓,0.81,0.0,0.0,0.0,720.0585,0,False
2026-08-03 18:10:49,Authenticated ✓,0.84,22.7263,496.99733406305313,0.0,757.2913,0,False
2026-08-03 18:10:59,Authenticated ✓,0.82,3.0406,193.67117630807977,4782.500505447388,0.0,0,False
2026-08-03 18:11:09,Low Confidence - Monitoring,0.73,8.6444,410.4520082473755,0.0,1049.0959,0,False
2026-08-03 18:11:19,Authenticated ✓,0.8933,0.0,0.0,0.0,959.4972,4,False
2026-08-03 18:11:29,Authenticated ✓,0.9033,0.0,0.0,0.0,1007.1286,2,False
2026-08-03 18:14:17,Authenticated ✓,0.9,19.6341,1622.30928518154,1474.0815162658691,466.6237,2,False
2026-08-03 18:14:27,Low Confidence - Monitoring,0.82,5.0607,1039.6746397018433,5894.479036331177,1640.8424,0,False
2026-08-03 18:14:37,Authenticated ✓,0.93,4.5464,573.8089323043823,1112.5481128692627,1370.9928,4,False
2026-08-03 18:14:47,Low Confidence - Monitoring,0.8933,0.0,0.0,0.0,1317.5222,2,False
2026-08-03 18:14:57,Low Confidence - Monitoring,0.8933,0.0,0.0,0.0,2469.6473,2,True
2026-08-03 18:15:07,Low Confidence - Monitoring,0.86,1.1801,674.1966247558594,1623.7698396046956,1368.6586,0,True
2026-08-03 18:15:17,Authenticated ✓,0.97,1.5134,273.8693952560425,522.9682445526123,819.0288,2,False
2026-08-03 18:15:27,Authenticated ✓,0.95,1.5786,186.45019001430936,521.640419960022,509.0331,2,False
2026-08-03 18:15:37,Low Confidence - Monitoring,0.81,0.0,0.0,0.0,1284.6258,0,False
2026-08-03 18:15:47,Low Confidence - Monitoring,0.75,0.0,0.0,0.0,436.2017,0,True
2026-08-03 18:15:57,Low Confidence - Monitoring,0.81,0.0,0.0,0.0,771.5329,0,True
2026-08-03 18:16:07,Authenticated ✓,0.9033,0.0,0.0,0.0,942.7154,2,False
2026-08-03 18:25:52,Authenticated ✓,0.9,23.9073,0.0,0.0,488.6771,1,False
2026-08-03 18:25:57,Low Confidence - Monitoring,0.88,35.424,265.86311003741093,0.0,294.8235,3,True
2026-08-03 18:26:02,Low Confidence - Monitoring,0.89,24.9915,686.9861814710829,0.0,310.9272,2,True
2026-08-03 18:26:07,Low Confidence - Monitoring,0.78,6.9259,303.4254312515259,0.0,178.5632,0,True
2026-08-03 18:26:12,Authenticated ✓,0.9033,0.0,0.0,0.0,662.3027,2,False
2026-08-03 18:26:17,Low Confidence - Monitoring,0.8933,0.0,0.0,0.0,1121.1991,4,True
2026-08-03 18:26:23,Low Confidence - Monitoring,0.85,1.7842,296.8275547027588,1172.7986335754395,669.1241,0,True
2026-08-03 18:26:38,Low Confidence - Monitoring,0.81,0.0,0.0,0.0,748.4763,0,True
2026-08-03 18:26:43,Low Confidence - Monitoring,0.81,0.0,0.0,0.0,861.7482,0,True
2026-08-03 18:26:53,Low Confidence - Monitoring,0.8933,0.0,0.0,0.0,1263.3582,1,True
2026-08-03 18:26:58,Authenticated ✓,0.9033,0.0,0.0,0.0,791.9044,1,False
2026-08-03 18:27:08,Low Confidence - Monitoring,0.81,0.0,0.0,0.0,327.3469,0,True
2026-08-05 14:41:38,Low Confidence - Monitoring,0.8933,0.0,0.0,0.0,662.628,1,True
2026-08-05 14:43:02,Authenticated ✓,0.9033,0.0,0.0,0.0,533.0198,2,False
2026-08-05 14:43:07,Low Confidence - Monitoring,0.89,18.2594,292.59751902686224,0.0,590.5745,2,True
2026-08-05 14:43:13,Authenticated ✓,0.9033,0.0,0.0,0.0,323.9772,2,False
2026-08-05 14:43:18,Authenticated ✓,0.9,4.0577,108.2296371459961,180.6619507925851,227.2034,2,False
2026-08-05 14:43:23,Authenticated ✓,0.9,3.258,75.26886463165283,292.9210662841797,560.1578,2,False
2026-08-05 14:43:28,Authenticated ✓,0.9033,0.0,0.0,0.0,350.1804,4,False
2026-08-05 14:43:38,Low Confidence - Monitoring,0.81,0.0,0.0,0.0,1219.6258,0,True
2026-08-05 14:43:48,Low Confidence - Monitoring,0.8933,0.0,0.0,0.0,999.8567,1,True
2026-08-05 14:43:53,Low Confidence - Monitoring,0.8933,0.0,0.0,0.0,940.1858,1,True
2026-08-05 14:44:03,Low Confidence - Monitoring,0.81,0.0,0.0,0.0,739.3219,0,True
2026-08-05 14:44:08,Low Confidence - Monitoring,0.81,0.0,0.0,0.0,474.039,0,True
2026-08-05 14:44:18,Low Confidence - Monitoring,0.83,3.2146,89.16157942551833,268.27361186345416,0.0,0,True
2026-08-05 14:44:23,Low Confidence - Monitoring,0.83,4.548,102.65911709178577,153.18196160452706,0.0,0,True
2026-08-05 14:44:28,Low Confidence - Monitoring,0.84,4.2405,122.90494782584054,133.01278352737427,0.0,0,True
2026-08-05 14:44:33,Low Confidence - Monitoring,0.82,0.4414,175.08268356323242,4388.639450073242,0.0,0,True
2026-08-05 14:44:38,Low Confidence - Monitoring,0.84,2.1246,188.30628395080566,340.513096915351,0.0,0,True
2026-08-05 14:44:43,Low Confidence - Monitoring,0.83,1.6156,186.41400337219238,1055.931568145752,0.0,0,True
2026-08-05 14:44:48,Low Confidence - Monitoring,0.84,2.1156,184.21108382088798,355.9824057987758,0.0,0,True
2026-08-05 14:44:53,Low Confidence - Monitoring,0.84,2.8566,138.4618083635966,259.12759854243353,0.0,0,True
2026-08-05 14:44:58,Low Confidence - Monitoring,0.84,2.8252,119.71550721388597,272.0275475428655,0.0,0,True
2026-08-05 14:45:03,Low Confidence - Monitoring,0.83,4.3211,110.35703477405366,129.9088716506958,0.0,0,True
2026-08-05 14:45:09,Low Confidence - Monitoring,0.8,8.8097,67.3973560333252,151.45540237426758,0.0,0,True
2026-08-05 14:45:14,Low Confidence - Monitoring,0.83,4.4757,108.7488333384196,226.55797004699707,0.0,0,True
2026-08-05 14:45:19,Low Confidence - Monitoring,0.75,0.0,0.0,0.0,460.0643,0,True
2026-08-05 14:46:09,Low Confidence - Monitoring,0.78,9.5304,316.93804264068604,0.0,0.0,0,True
2026-08-05 14:46:14,Low Confidence - Monitoring,0.8333,0.0,0.0,0.0,748.3002,2,True
2026-08-10 12:03:06,Low Confidence - Monitoring,0.81,0.0,0.0,0.0,810.911,0,True
2026-08-10 12:03:11,Low Confidence - Monitoring,0.81,0.0,0.0,0.0,208.2451,0,True
2026-08-10 12:03:16,Authenticated ✓,0.9,15.5814,0.0,0.0,196.5177,2,False
2026-08-10 12:03:21,Low Confidence - Monitoring,0.81,67.2595,25.033235549926758,0.0,959.5871,0,True
2026-08-10 12:03:27,Low Confidence - Monitoring,0.81,0.0,0.0,0.0,129.955,0,True
2026-08-10 12:03:32,Low Confidence - Monitoring,0.81,0.0,0.0,0.0,1961.392,0,True
2026-08-10 12:09:38,Authenticated ✓,0.91,9.6333,187.37423419952393,0.0,681.3799,2,False
2026-08-10 12:09:43,Authenticated ✓,0.9033,0.0,0.0,0.0,158.7675,2,False
2026-08-10 12:09:48,Authenticated ✓,0.9633,0.6854,165.5606428782145,1459.1578642527263,446.9122,2,False
2026-08-10 12:09:53,Authenticated ✓,0.9,3.6468,78.1678557395935,288.2283528645833,172.7336,2,False
2026-08-10 12:09:58,Low Confidence - Monitoring,0.81,0.0,0.0,0.0,867.4339,0,True
2026-08-10 12:10:03,Authenticated ✓,0.94,1.8575,123.73232841491699,705.1018476486206,264.6202,2,False
2026-08-10 12:10:08,Authenticated ✓,0.9,4.5002,94.37565803527832,177.1971583366394,461.9534,4,False
2026-08-10 12:10:14,Low Confidence - Monitoring,0.81,0.0,0.0,0.0,317.3307,0,True
2026-08-10 12:10:19,Authenticated ✓,0.9033,0.0,0.0,0.0,471.5142,4,False
2026-08-10 12:10:24,Low Confidence - Monitoring,0.88,1.0742,263.38058710098267,1849.614938100179,0.0,0,True
2026-08-10 12:10:29,Authenticated ✓,0.9533,0.9163,79.26785945892334,1376.1293093363445,397.7499,2,False
2026-08-10 12:10:34,Authenticated ✓,0.95,1.832,73.24755191802979,654.5773347218832,787.6126,2,False
2026-08-10 12:10:39,Authenticated ✓,0.92,4.1048,70.1438585917155,222.19929695129395,746.0708,2,False
2026-08-10 12:10:44,Authenticated ✓,0.9,2.2335,74.91310437520345,598.9648103713989,567.5223,2,False
2026-08-10 12:10:49,Authenticated ✓,0.9,4.0177,68.03782780965169,232.14292526245117,572.9157,2,False
2026-08-10 12:10:54,Authenticated ✓,0.9033,0.0,0.0,0.0,602.7426,2,False
2026-08-10 12:10:59,Low Confidence - Monitoring,0.81,0.0,0.0,0.0,756.2228,0,True
2026-08-10 12:11:04,Low Confidence - Monitoring,0.8933,0.0,0.0,0.0,1652.2783,2,True
2026-08-10 12:11:09,Low Confidence - Monitoring,0.81,0.0,0.0,0.0,705.1129,0,True
2026-08-10 12:11:14,Low Confidence - Monitoring,0.78,0.0,0.0,0.0,1900.6731,0,True
2026-08-10 12:11:19,Low Confidence - Monitoring,0.81,0.0,0.0,0.0,756.3344,0,True
2026-08-10 12:11:24,Authenticated ✓,0.9033,0.0,0.0,0.0,651.638,2,False
2026-08-10 12:11:29,Authenticated ✓,0.92,2.8624,73.52860768636067,446.61784172058105,962.91,2,False
2026-08-10 12:11:34,Authenticated ✓,0.9,4.6977,67.3533280690511,188.8552188873291,421.9523,2,False
2026-08-10 12:11:39,Authenticated ✓,0.9033,0.0,0.0,0.0,1077.6786,2,False
2026-08-10 12:11:44,Authenticated ✓,0.9033,0.0,0.0,0.0,691.2127,2,False
2026-08-10 12:11:50,Low Confidence - Monitoring,0.81,0.0,0.0,0.0,477.773,0,True
2026-08-10 12:11:55,Authenticated ✓,0.9033,0.0,0.0,0.0,867.5023,2,False
2026-08-10 12:12:00,Low Confidence - Monitoring,0.81,0.0,0.0,0.0,537.181,0,True
2026-08-10 12:12:05,Authenticated ✓,0.9333,0.0,0.0,0.0,1786.3764,2,False
2026-08-10 12:16:45,Authenticated ✓,0.91,19.5456,332.78086071922667,0.0,649.3777,2,False
2026-08-10 12:16:50,Authenticated ✓,0.91,4.2312,156.83809916178384,205.40964603424072,211.2571,3,False
2026-08-10 12:16:55,Authenticated ✓,0.9,4.1039,67.97544161478679,224.15881156921387,425.9296,1,False
2026-08-10 12:17:00,Authenticated ✓,0.9033,0.0,0.0,0.0,629.8577,2,False
2026-08-10 12:17:06,Low Confidence - Monitoring,0.81,0.0,0.0,0.0,785.5285,0,True
2026-08-10 12:17:11,Low Confidence - Monitoring,0.81,0.0,0.0,0.0,1260.2031,0,True
2026-08-10 12:17:31,Low Confidence - Monitoring,0.84,0.7183,199.58150386810303,2570.8231925964355,0.0,0,True
2026-08-10 12:17:36,Low Confidence - Monitoring,0.75,0.0,0.0,0.0,557.3115,0,True
2026-08-10 12:17:41,Authenticated ✓,0.9033,0.0,0.0,0.0,741.4648,2,False
2026-08-10 12:17:46,Low Confidence - Monitoring,0.8933,0.0,0.0,0.0,1080.6353,2,True
2026-08-10 12:17:51,Low Confidence - Monitoring,0.8,0.0,0.0,0.0,1431.2426,0,True
2026-08-10 12:17:56,Low Confidence - Monitoring,0.8933,0.0,0.0,0.0,944.7676,2,True
